"AGENCY_CODE","AGENCY","STATE_NAME","RECFIN_YEAR","AREA","RECFIN_SPECIES_CODE","AGENCY_SPECIES_NAME","SPECIES_NAME","SCIENTIFIC_NAME","PFMC_FISHERY_MANAGEMENT_PLAN","SPECIES_GROUP_NAME","STOCK_COMPLEX_NAME","PACFIN_SPECIES_CODE","RETAINED_NUM","RECFIN_VDATE"
53,"W","WASHINGTON",1976,1,8826010115,"YELLOWTAIL ROCKFISH","YELLOWTAIL ROCKFISH","SEBASTES FLAVIDUS","GROUNDFISH","ROCKFISH","SHELF ROCKFISH","YTRK",1850,"03/03/2023"
53,"W","WASHINGTON",1976,2,8826010115,"YELLOWTAIL ROCKFISH","YELLOWTAIL ROCKFISH","SEBASTES FLAVIDUS","GROUNDFISH","ROCKFISH","SHELF ROCKFISH","YTRK",11249,"03/03/2023"
53,"W","WASHINGTON",1976,3,8826010115,"YELLOWTAIL ROCKFISH","YELLOWTAIL ROCKFISH","SEBASTES FLAVIDUS","GROUNDFISH","ROCKFISH","SHELF ROCKFISH","YTRK",1597,"03/03/2023"
53,"W","WASHINGTON",1976,4,8826010115,"YELLOWTAIL ROCKFISH","YELLOWTAIL ROCKFISH","SEBASTES FLAVIDUS","GROUNDFISH","ROCKFISH","SHELF ROCKFISH","YTRK",1552,"03/03/2023"
53,"W","WASHINGTON",1976,5,8826010115,"YELLOWTAIL ROCKFISH","YELLOWTAIL ROCKFISH","SEBASTES FLAVIDUS","GROUNDFISH","ROCKFISH","SHELF ROCKFISH","YTRK",44,"03/03/2023"
53,"W","WASHINGTON",1976,6,8826010115,"YELLOWTAIL ROCKFISH","YELLOWTAIL ROCKFISH","SEBASTES FLAVIDUS","GROUNDFISH","ROCKFISH","SHELF ROCKFISH","YTRK",613,"03/03/2023"
53,"W","WASHINGTON",1976,7,8826010115,"YELLOWTAIL ROCKFISH","YELLOWTAIL ROCKFISH","SEBASTES FLAVIDUS","GROUNDFISH","ROCKFISH","SHELF ROCKFISH","YTRK",1891,"03/03/2023"
53,"W","WASHINGTON",1976,8,8826010115,"YELLOWTAIL ROCKFISH","YELLOWTAIL ROCKFISH","SEBASTES FLAVIDUS","GROUNDFISH","ROCKFISH","SHELF ROCKFISH","YTRK",538,"03/03/2023"
53,"W","WASHINGTON",1976,9,8826010115,"YELLOWTAIL ROCKFISH","YELLOWTAIL ROCKFISH","SEBASTES FLAVIDUS","GROUNDFISH","ROCKFISH","SHELF ROCKFISH","YTRK",6484,"03/03/2023"
53,"W","WASHINGTON",1976,10,8826010115,"YELLOWTAIL ROCKFISH","YELLOWTAIL ROCKFISH","SEBASTES FLAVIDUS","GROUNDFISH","ROCKFISH","SHELF ROCKFISH","YTRK",1416,"03/03/2023"
53,"W","WASHINGTON",1976,11,8826010115,"YELLOWTAIL ROCKFISH","YELLOWTAIL ROCKFISH","SEBASTES FLAVIDUS","GROUNDFISH","ROCKFISH","SHELF ROCKFISH","YTRK",3815,"03/03/2023"
53,"W","WASHINGTON",1976,12,8826010115,"YELLOWTAIL ROCKFISH","YELLOWTAIL ROCKFISH","SEBASTES FLAVIDUS","GROUNDFISH","ROCKFISH","SHELF ROCKFISH","YTRK",102,"03/03/2023"
53,"W","WASHINGTON",1976,13,8826010115,"YELLOWTAIL ROCKFISH","YELLOWTAIL ROCKFISH","SEBASTES FLAVIDUS","GROUNDFISH","ROCKFISH","SHELF ROCKFISH","YTRK",483,"03/03/2023"
53,"W","WASHINGTON",1975,1,8826010115,"YELLOWTAIL ROCKFISH","YELLOWTAIL ROCKFISH","SEBASTES FLAVIDUS","GROUNDFISH","ROCKFISH","SHELF ROCKFISH","YTRK",2306,"03/03/2023"
53,"W","WASHINGTON",1975,2,8826010115,"YELLOWTAIL ROCKFISH","YELLOWTAIL ROCKFISH","SEBASTES FLAVIDUS","GROUNDFISH","ROCKFISH","SHELF ROCKFISH","YTRK",6733,"03/03/2023"
53,"W","WASHINGTON",1980,1,8826010115,"YELLOWTAIL ROCKFISH","YELLOWTAIL ROCKFISH","SEBASTES FLAVIDUS","GROUNDFISH","ROCKFISH","SHELF ROCKFISH","YTRK",24,"03/03/2023"
53,"W","WASHINGTON",1980,2,8826010115,"YELLOWTAIL ROCKFISH","YELLOWTAIL ROCKFISH","SEBASTES FLAVIDUS","GROUNDFISH","ROCKFISH","SHELF ROCKFISH","YTRK",1091,"03/03/2023"
53,"W","WASHINGTON",1980,3,8826010115,"YELLOWTAIL ROCKFISH","YELLOWTAIL ROCKFISH","SEBASTES FLAVIDUS","GROUNDFISH","ROCKFISH","SHELF ROCKFISH","YTRK",1195,"03/03/2023"
53,"W","WASHINGTON",1980,4,8826010115,"YELLOWTAIL ROCKFISH","YELLOWTAIL ROCKFISH","SEBASTES FLAVIDUS","GROUNDFISH","ROCKFISH","SHELF ROCKFISH","YTRK",621,"03/03/2023"
53,"W","WASHINGTON",1980,5,8826010115,"YELLOWTAIL ROCKFISH","YELLOWTAIL ROCKFISH","SEBASTES FLAVIDUS","GROUNDFISH","ROCKFISH","SHELF ROCKFISH","YTRK",24,"03/03/2023"
53,"W","WASHINGTON",1980,6,8826010115,"YELLOWTAIL ROCKFISH","YELLOWTAIL ROCKFISH","SEBASTES FLAVIDUS","GROUNDFISH","ROCKFISH","SHELF ROCKFISH","YTRK",1617,"03/03/2023"
53,"W","WASHINGTON",1980,7,8826010115,"YELLOWTAIL ROCKFISH","YELLOWTAIL ROCKFISH","SEBASTES FLAVIDUS","GROUNDFISH","ROCKFISH","SHELF ROCKFISH","YTRK",8240,"03/03/2023"
53,"W","WASHINGTON",1980,8,8826010115,"YELLOWTAIL ROCKFISH","YELLOWTAIL ROCKFISH","SEBASTES FLAVIDUS","GROUNDFISH","ROCKFISH","SHELF ROCKFISH","YTRK",82,"03/03/2023"
53,"W","WASHINGTON",1980,9,8826010115,"YELLOWTAIL ROCKFISH","YELLOWTAIL ROCKFISH","SEBASTES FLAVIDUS","GROUNDFISH","ROCKFISH","SHELF ROCKFISH","YTRK",1209,"03/03/2023"
53,"W","WASHINGTON",1980,10,8826010115,"YELLOWTAIL ROCKFISH","YELLOWTAIL ROCKFISH","SEBASTES FLAVIDUS","GROUNDFISH","ROCKFISH","SHELF ROCKFISH","YTRK",220,"03/03/2023"
53,"W","WASHINGTON",1980,11,8826010115,"YELLOWTAIL ROCKFISH","YELLOWTAIL ROCKFISH","SEBASTES FLAVIDUS","GROUNDFISH","ROCKFISH","SHELF ROCKFISH","YTRK",2252,"03/03/2023"
53,"W","WASHINGTON",1980,12,8826010115,"YELLOWTAIL ROCKFISH","YELLOWTAIL ROCKFISH","SEBASTES FLAVIDUS","GROUNDFISH","ROCKFISH","SHELF ROCKFISH","YTRK",64,"03/03/2023"
53,"W","WASHINGTON",1980,13,8826010115,"YELLOWTAIL ROCKFISH","YELLOWTAIL ROCKFISH","SEBASTES FLAVIDUS","GROUNDFISH","ROCKFISH","SHELF ROCKFISH","YTRK",315,"03/03/2023"
53,"W","WASHINGTON",1977,1,8826010115,"YELLOWTAIL ROCKFISH","YELLOWTAIL ROCKFISH","SEBASTES FLAVIDUS","GROUNDFISH","ROCKFISH","SHELF ROCKFISH","YTRK",115,"03/03/2023"
53,"W","WASHINGTON",1977,2,8826010115,"YELLOWTAIL ROCKFISH","YELLOWTAIL ROCKFISH","SEBASTES FLAVIDUS","GROUNDFISH","ROCKFISH","SHELF ROCKFISH","YTRK",3695,"03/03/2023"
53,"W","WASHINGTON",1977,3,8826010115,"YELLOWTAIL ROCKFISH","YELLOWTAIL ROCKFISH","SEBASTES FLAVIDUS","GROUNDFISH","ROCKFISH","SHELF ROCKFISH","YTRK",1696,"03/03/2023"
53,"W","WASHINGTON",1977,4,8826010115,"YELLOWTAIL ROCKFISH","YELLOWTAIL ROCKFISH","SEBASTES FLAVIDUS","GROUNDFISH","ROCKFISH","SHELF ROCKFISH","YTRK",2046,"03/03/2023"
53,"W","WASHINGTON",1977,5,8826010115,"YELLOWTAIL ROCKFISH","YELLOWTAIL ROCKFISH","SEBASTES FLAVIDUS","GROUNDFISH","ROCKFISH","SHELF ROCKFISH","YTRK",1318,"03/03/2023"
53,"W","WASHINGTON",1977,6,8826010115,"YELLOWTAIL ROCKFISH","YELLOWTAIL ROCKFISH","SEBASTES FLAVIDUS","GROUNDFISH","ROCKFISH","SHELF ROCKFISH","YTRK",709,"03/03/2023"
53,"W","WASHINGTON",1977,7,8826010115,"YELLOWTAIL ROCKFISH","YELLOWTAIL ROCKFISH","SEBASTES FLAVIDUS","GROUNDFISH","ROCKFISH","SHELF ROCKFISH","YTRK",1623,"03/03/2023"
53,"W","WASHINGTON",1977,8,8826010115,"YELLOWTAIL ROCKFISH","YELLOWTAIL ROCKFISH","SEBASTES FLAVIDUS","GROUNDFISH","ROCKFISH","SHELF ROCKFISH","YTRK",229,"03/03/2023"
53,"W","WASHINGTON",1975,3,8826010115,"YELLOWTAIL ROCKFISH","YELLOWTAIL ROCKFISH","SEBASTES FLAVIDUS","GROUNDFISH","ROCKFISH","SHELF ROCKFISH","YTRK",746,"03/03/2023"
53,"W","WASHINGTON",1975,4,8826010115,"YELLOWTAIL ROCKFISH","YELLOWTAIL ROCKFISH","SEBASTES FLAVIDUS","GROUNDFISH","ROCKFISH","SHELF ROCKFISH","YTRK",2028,"03/03/2023"
53,"W","WASHINGTON",1975,5,8826010115,"YELLOWTAIL ROCKFISH","YELLOWTAIL ROCKFISH","SEBASTES FLAVIDUS","GROUNDFISH","ROCKFISH","SHELF ROCKFISH","YTRK",264,"03/03/2023"
53,"W","WASHINGTON",1975,6,8826010115,"YELLOWTAIL ROCKFISH","YELLOWTAIL ROCKFISH","SEBASTES FLAVIDUS","GROUNDFISH","ROCKFISH","SHELF ROCKFISH","YTRK",281,"03/03/2023"
53,"W","WASHINGTON",1975,7,8826010115,"YELLOWTAIL ROCKFISH","YELLOWTAIL ROCKFISH","SEBASTES FLAVIDUS","GROUNDFISH","ROCKFISH","SHELF ROCKFISH","YTRK",1250,"03/03/2023"
53,"W","WASHINGTON",1975,9,8826010115,"YELLOWTAIL ROCKFISH","YELLOWTAIL ROCKFISH","SEBASTES FLAVIDUS","GROUNDFISH","ROCKFISH","SHELF ROCKFISH","YTRK",5368,"03/03/2023"
53,"W","WASHINGTON",1975,10,8826010115,"YELLOWTAIL ROCKFISH","YELLOWTAIL ROCKFISH","SEBASTES FLAVIDUS","GROUNDFISH","ROCKFISH","SHELF ROCKFISH","YTRK",2352,"03/03/2023"
53,"W","WASHINGTON",1975,11,8826010115,"YELLOWTAIL ROCKFISH","YELLOWTAIL ROCKFISH","SEBASTES FLAVIDUS","GROUNDFISH","ROCKFISH","SHELF ROCKFISH","YTRK",1164,"03/03/2023"
53,"W","WASHINGTON",1975,12,8826010115,"YELLOWTAIL ROCKFISH","YELLOWTAIL ROCKFISH","SEBASTES FLAVIDUS","GROUNDFISH","ROCKFISH","SHELF ROCKFISH","YTRK",426,"03/03/2023"
53,"W","WASHINGTON",1978,1,8826010115,"YELLOWTAIL ROCKFISH","YELLOWTAIL ROCKFISH","SEBASTES FLAVIDUS","GROUNDFISH","ROCKFISH","SHELF ROCKFISH","YTRK",2159,"03/03/2023"
53,"W","WASHINGTON",1978,2,8826010115,"YELLOWTAIL ROCKFISH","YELLOWTAIL ROCKFISH","SEBASTES FLAVIDUS","GROUNDFISH","ROCKFISH","SHELF ROCKFISH","YTRK",6903,"03/03/2023"
53,"W","WASHINGTON",1978,3,8826010115,"YELLOWTAIL ROCKFISH","YELLOWTAIL ROCKFISH","SEBASTES FLAVIDUS","GROUNDFISH","ROCKFISH","SHELF ROCKFISH","YTRK",732,"03/03/2023"
53,"W","WASHINGTON",1978,4,8826010115,"YELLOWTAIL ROCKFISH","YELLOWTAIL ROCKFISH","SEBASTES FLAVIDUS","GROUNDFISH","ROCKFISH","SHELF ROCKFISH","YTRK",2750,"03/03/2023"
53,"W","WASHINGTON",1978,5,8826010115,"YELLOWTAIL ROCKFISH","YELLOWTAIL ROCKFISH","SEBASTES FLAVIDUS","GROUNDFISH","ROCKFISH","SHELF ROCKFISH","YTRK",731,"03/03/2023"
53,"W","WASHINGTON",1978,6,8826010115,"YELLOWTAIL ROCKFISH","YELLOWTAIL ROCKFISH","SEBASTES FLAVIDUS","GROUNDFISH","ROCKFISH","SHELF ROCKFISH","YTRK",491,"03/03/2023"
53,"W","WASHINGTON",1978,7,8826010115,"YELLOWTAIL ROCKFISH","YELLOWTAIL ROCKFISH","SEBASTES FLAVIDUS","GROUNDFISH","ROCKFISH","SHELF ROCKFISH","YTRK",1749,"03/03/2023"
53,"W","WASHINGTON",1978,8,8826010115,"YELLOWTAIL ROCKFISH","YELLOWTAIL ROCKFISH","SEBASTES FLAVIDUS","GROUNDFISH","ROCKFISH","SHELF ROCKFISH","YTRK",1107,"03/03/2023"
53,"W","WASHINGTON",1978,9,8826010115,"YELLOWTAIL ROCKFISH","YELLOWTAIL ROCKFISH","SEBASTES FLAVIDUS","GROUNDFISH","ROCKFISH","SHELF ROCKFISH","YTRK",597,"03/03/2023"
53,"W","WASHINGTON",1978,10,8826010115,"YELLOWTAIL ROCKFISH","YELLOWTAIL ROCKFISH","SEBASTES FLAVIDUS","GROUNDFISH","ROCKFISH","SHELF ROCKFISH","YTRK",529,"03/03/2023"
53,"W","WASHINGTON",1978,11,8826010115,"YELLOWTAIL ROCKFISH","YELLOWTAIL ROCKFISH","SEBASTES FLAVIDUS","GROUNDFISH","ROCKFISH","SHELF ROCKFISH","YTRK",1339,"03/03/2023"
53,"W","WASHINGTON",1978,12,8826010115,"YELLOWTAIL ROCKFISH","YELLOWTAIL ROCKFISH","SEBASTES FLAVIDUS","GROUNDFISH","ROCKFISH","SHELF ROCKFISH","YTRK",34,"03/03/2023"
53,"W","WASHINGTON",1978,13,8826010115,"YELLOWTAIL ROCKFISH","YELLOWTAIL ROCKFISH","SEBASTES FLAVIDUS","GROUNDFISH","ROCKFISH","SHELF ROCKFISH","YTRK",392,"03/03/2023"
53,"W","WASHINGTON",1977,9,8826010115,"YELLOWTAIL ROCKFISH","YELLOWTAIL ROCKFISH","SEBASTES FLAVIDUS","GROUNDFISH","ROCKFISH","SHELF ROCKFISH","YTRK",1999,"03/03/2023"
53,"W","WASHINGTON",1977,10,8826010115,"YELLOWTAIL ROCKFISH","YELLOWTAIL ROCKFISH","SEBASTES FLAVIDUS","GROUNDFISH","ROCKFISH","SHELF ROCKFISH","YTRK",500,"03/03/2023"
53,"W","WASHINGTON",1977,11,8826010115,"YELLOWTAIL ROCKFISH","YELLOWTAIL ROCKFISH","SEBASTES FLAVIDUS","GROUNDFISH","ROCKFISH","SHELF ROCKFISH","YTRK",6017,"03/03/2023"
53,"W","WASHINGTON",1977,12,8826010115,"YELLOWTAIL ROCKFISH","YELLOWTAIL ROCKFISH","SEBASTES FLAVIDUS","GROUNDFISH","ROCKFISH","SHELF ROCKFISH","YTRK",587,"03/03/2023"
53,"W","WASHINGTON",1977,13,8826010115,"YELLOWTAIL ROCKFISH","YELLOWTAIL ROCKFISH","SEBASTES FLAVIDUS","GROUNDFISH","ROCKFISH","SHELF ROCKFISH","YTRK",1806,"03/03/2023"
53,"W","WASHINGTON",1979,1,8826010115,"YELLOWTAIL ROCKFISH","YELLOWTAIL ROCKFISH","SEBASTES FLAVIDUS","GROUNDFISH","ROCKFISH","SHELF ROCKFISH","YTRK",4,"03/03/2023"
53,"W","WASHINGTON",1979,2,8826010115,"YELLOWTAIL ROCKFISH","YELLOWTAIL ROCKFISH","SEBASTES FLAVIDUS","GROUNDFISH","ROCKFISH","SHELF ROCKFISH","YTRK",1098,"03/03/2023"
53,"W","WASHINGTON",1979,3,8826010115,"YELLOWTAIL ROCKFISH","YELLOWTAIL ROCKFISH","SEBASTES FLAVIDUS","GROUNDFISH","ROCKFISH","SHELF ROCKFISH","YTRK",1214,"03/03/2023"
53,"W","WASHINGTON",1979,4,8826010115,"YELLOWTAIL ROCKFISH","YELLOWTAIL ROCKFISH","SEBASTES FLAVIDUS","GROUNDFISH","ROCKFISH","SHELF ROCKFISH","YTRK",1812,"03/03/2023"
53,"W","WASHINGTON",1979,5,8826010115,"YELLOWTAIL ROCKFISH","YELLOWTAIL ROCKFISH","SEBASTES FLAVIDUS","GROUNDFISH","ROCKFISH","SHELF ROCKFISH","YTRK",75,"03/03/2023"
53,"W","WASHINGTON",1979,6,8826010115,"YELLOWTAIL ROCKFISH","YELLOWTAIL ROCKFISH","SEBASTES FLAVIDUS","GROUNDFISH","ROCKFISH","SHELF ROCKFISH","YTRK",400,"03/03/2023"
53,"W","WASHINGTON",1979,7,8826010115,"YELLOWTAIL ROCKFISH","YELLOWTAIL ROCKFISH","SEBASTES FLAVIDUS","GROUNDFISH","ROCKFISH","SHELF ROCKFISH","YTRK",651,"03/03/2023"
53,"W","WASHINGTON",1979,8,8826010115,"YELLOWTAIL ROCKFISH","YELLOWTAIL ROCKFISH","SEBASTES FLAVIDUS","GROUNDFISH","ROCKFISH","SHELF ROCKFISH","YTRK",1084,"03/03/2023"
53,"W","WASHINGTON",1979,9,8826010115,"YELLOWTAIL ROCKFISH","YELLOWTAIL ROCKFISH","SEBASTES FLAVIDUS","GROUNDFISH","ROCKFISH","SHELF ROCKFISH","YTRK",2647,"03/03/2023"
53,"W","WASHINGTON",1979,10,8826010115,"YELLOWTAIL ROCKFISH","YELLOWTAIL ROCKFISH","SEBASTES FLAVIDUS","GROUNDFISH","ROCKFISH","SHELF ROCKFISH","YTRK",584,"03/03/2023"
53,"W","WASHINGTON",1979,11,8826010115,"YELLOWTAIL ROCKFISH","YELLOWTAIL ROCKFISH","SEBASTES FLAVIDUS","GROUNDFISH","ROCKFISH","SHELF ROCKFISH","YTRK",2368,"03/03/2023"
53,"W","WASHINGTON",1979,12,8826010115,"YELLOWTAIL ROCKFISH","YELLOWTAIL ROCKFISH","SEBASTES FLAVIDUS","GROUNDFISH","ROCKFISH","SHELF ROCKFISH","YTRK",74,"03/03/2023"
53,"W","WASHINGTON",1979,13,8826010115,"YELLOWTAIL ROCKFISH","YELLOWTAIL ROCKFISH","SEBASTES FLAVIDUS","GROUNDFISH","ROCKFISH","SHELF ROCKFISH","YTRK",2665,"03/03/2023"
53,"W","WASHINGTON",1983,2,8826010115,"YELLOWTAIL ROCKFISH","YELLOWTAIL ROCKFISH","SEBASTES FLAVIDUS","GROUNDFISH","ROCKFISH","SHELF ROCKFISH","YTRK",229,"03/03/2023"
53,"W","WASHINGTON",1983,3,8826010115,"YELLOWTAIL ROCKFISH","YELLOWTAIL ROCKFISH","SEBASTES FLAVIDUS","GROUNDFISH","ROCKFISH","SHELF ROCKFISH","YTRK",210,"03/03/2023"
53,"W","WASHINGTON",1983,4,8826010115,"YELLOWTAIL ROCKFISH","YELLOWTAIL ROCKFISH","SEBASTES FLAVIDUS","GROUNDFISH","ROCKFISH","SHELF ROCKFISH","YTRK",2364,"03/03/2023"
53,"W","WASHINGTON",1983,5,8826010115,"YELLOWTAIL ROCKFISH","YELLOWTAIL ROCKFISH","SEBASTES FLAVIDUS","GROUNDFISH","ROCKFISH","SHELF ROCKFISH","YTRK",31,"03/03/2023"
53,"W","WASHINGTON",1983,6,8826010115,"YELLOWTAIL ROCKFISH","YELLOWTAIL ROCKFISH","SEBASTES FLAVIDUS","GROUNDFISH","ROCKFISH","SHELF ROCKFISH","YTRK",256,"03/03/2023"
53,"W","WASHINGTON",1983,7,8826010115,"YELLOWTAIL ROCKFISH","YELLOWTAIL ROCKFISH","SEBASTES FLAVIDUS","GROUNDFISH","ROCKFISH","SHELF ROCKFISH","YTRK",4151,"03/03/2023"
53,"W","WASHINGTON",1983,8,8826010115,"YELLOWTAIL ROCKFISH","YELLOWTAIL ROCKFISH","SEBASTES FLAVIDUS","GROUNDFISH","ROCKFISH","SHELF ROCKFISH","YTRK",65,"03/03/2023"
53,"W","WASHINGTON",1983,9,8826010115,"YELLOWTAIL ROCKFISH","YELLOWTAIL ROCKFISH","SEBASTES FLAVIDUS","GROUNDFISH","ROCKFISH","SHELF ROCKFISH","YTRK",193,"03/03/2023"
53,"W","WASHINGTON",1983,11,8826010115,"YELLOWTAIL ROCKFISH","YELLOWTAIL ROCKFISH","SEBASTES FLAVIDUS","GROUNDFISH","ROCKFISH","SHELF ROCKFISH","YTRK",468,"03/03/2023"
53,"W","WASHINGTON",1983,12,8826010115,"YELLOWTAIL ROCKFISH","YELLOWTAIL ROCKFISH","SEBASTES FLAVIDUS","GROUNDFISH","ROCKFISH","SHELF ROCKFISH","YTRK",1587,"03/03/2023"
53,"W","WASHINGTON",1983,13,8826010115,"YELLOWTAIL ROCKFISH","YELLOWTAIL ROCKFISH","SEBASTES FLAVIDUS","GROUNDFISH","ROCKFISH","SHELF ROCKFISH","YTRK",2588,"03/03/2023"
53,"W","WASHINGTON",1981,1,8826010115,"YELLOWTAIL ROCKFISH","YELLOWTAIL ROCKFISH","SEBASTES FLAVIDUS","GROUNDFISH","ROCKFISH","SHELF ROCKFISH","YTRK",561,"03/03/2023"
53,"W","WASHINGTON",1981,2,8826010115,"YELLOWTAIL ROCKFISH","YELLOWTAIL ROCKFISH","SEBASTES FLAVIDUS","GROUNDFISH","ROCKFISH","SHELF ROCKFISH","YTRK",1763,"03/03/2023"
53,"W","WASHINGTON",1981,3,8826010115,"YELLOWTAIL ROCKFISH","YELLOWTAIL ROCKFISH","SEBASTES FLAVIDUS","GROUNDFISH","ROCKFISH","SHELF ROCKFISH","YTRK",530,"03/03/2023"
53,"W","WASHINGTON",1981,4,8826010115,"YELLOWTAIL ROCKFISH","YELLOWTAIL ROCKFISH","SEBASTES FLAVIDUS","GROUNDFISH","ROCKFISH","SHELF ROCKFISH","YTRK",1221,"03/03/2023"
53,"W","WASHINGTON",1981,5,8826010115,"YELLOWTAIL ROCKFISH","YELLOWTAIL ROCKFISH","SEBASTES FLAVIDUS","GROUNDFISH","ROCKFISH","SHELF ROCKFISH","YTRK",56,"03/03/2023"
53,"W","WASHINGTON",1981,6,8826010115,"YELLOWTAIL ROCKFISH","YELLOWTAIL ROCKFISH","SEBASTES FLAVIDUS","GROUNDFISH","ROCKFISH","SHELF ROCKFISH","YTRK",509,"03/03/2023"
53,"W","WASHINGTON",1981,7,8826010115,"YELLOWTAIL ROCKFISH","YELLOWTAIL ROCKFISH","SEBASTES FLAVIDUS","GROUNDFISH","ROCKFISH","SHELF ROCKFISH","YTRK",1087,"03/03/2023"
53,"W","WASHINGTON",1981,8,8826010115,"YELLOWTAIL ROCKFISH","YELLOWTAIL ROCKFISH","SEBASTES FLAVIDUS","GROUNDFISH","ROCKFISH","SHELF ROCKFISH","YTRK",3081,"03/03/2023"
53,"W","WASHINGTON",1981,9,8826010115,"YELLOWTAIL ROCKFISH","YELLOWTAIL ROCKFISH","SEBASTES FLAVIDUS","GROUNDFISH","ROCKFISH","SHELF ROCKFISH","YTRK",889,"03/03/2023"
53,"W","WASHINGTON",1981,10,8826010115,"YELLOWTAIL ROCKFISH","YELLOWTAIL ROCKFISH","SEBASTES FLAVIDUS","GROUNDFISH","ROCKFISH","SHELF ROCKFISH","YTRK",537,"03/03/2023"
53,"W","WASHINGTON",1981,11,8826010115,"YELLOWTAIL ROCKFISH","YELLOWTAIL ROCKFISH","SEBASTES FLAVIDUS","GROUNDFISH","ROCKFISH","SHELF ROCKFISH","YTRK",1504,"03/03/2023"
53,"W","WASHINGTON",1981,13,8826010115,"YELLOWTAIL ROCKFISH","YELLOWTAIL ROCKFISH","SEBASTES FLAVIDUS","GROUNDFISH","ROCKFISH","SHELF ROCKFISH","YTRK",797,"03/03/2023"
53,"W","WASHINGTON",1984,1,8826010115,"YELLOWTAIL ROCKFISH","YELLOWTAIL ROCKFISH","SEBASTES FLAVIDUS","GROUNDFISH","ROCKFISH","SHELF ROCKFISH","YTRK",5,"03/03/2023"
53,"W","WASHINGTON",1984,2,8826010115,"YELLOWTAIL ROCKFISH","YELLOWTAIL ROCKFISH","SEBASTES FLAVIDUS","GROUNDFISH","ROCKFISH","SHELF ROCKFISH","YTRK",1490,"03/03/2023"
53,"W","WASHINGTON",1984,4,8826010115,"YELLOWTAIL ROCKFISH","YELLOWTAIL ROCKFISH","SEBASTES FLAVIDUS","GROUNDFISH","ROCKFISH","SHELF ROCKFISH","YTRK",1981,"03/03/2023"
53,"W","WASHINGTON",1984,5,8826010115,"YELLOWTAIL ROCKFISH","YELLOWTAIL ROCKFISH","SEBASTES FLAVIDUS","GROUNDFISH","ROCKFISH","SHELF ROCKFISH","YTRK",149,"03/03/2023"
53,"W","WASHINGTON",1984,6,8826010115,"YELLOWTAIL ROCKFISH","YELLOWTAIL ROCKFISH","SEBASTES FLAVIDUS","GROUNDFISH","ROCKFISH","SHELF ROCKFISH","YTRK",223,"03/03/2023"
53,"W","WASHINGTON",1984,7,8826010115,"YELLOWTAIL ROCKFISH","YELLOWTAIL ROCKFISH","SEBASTES FLAVIDUS","GROUNDFISH","ROCKFISH","SHELF ROCKFISH","YTRK",1008,"03/03/2023"
53,"W","WASHINGTON",1984,9,8826010115,"YELLOWTAIL ROCKFISH","YELLOWTAIL ROCKFISH","SEBASTES FLAVIDUS","GROUNDFISH","ROCKFISH","SHELF ROCKFISH","YTRK",154,"03/03/2023"
53,"W","WASHINGTON",1984,10,8826010115,"YELLOWTAIL ROCKFISH","YELLOWTAIL ROCKFISH","SEBASTES FLAVIDUS","GROUNDFISH","ROCKFISH","SHELF ROCKFISH","YTRK",657,"03/03/2023"
53,"W","WASHINGTON",1984,11,8826010115,"YELLOWTAIL ROCKFISH","YELLOWTAIL ROCKFISH","SEBASTES FLAVIDUS","GROUNDFISH","ROCKFISH","SHELF ROCKFISH","YTRK",68,"03/03/2023"
53,"W","WASHINGTON",1984,12,8826010115,"YELLOWTAIL ROCKFISH","YELLOWTAIL ROCKFISH","SEBASTES FLAVIDUS","GROUNDFISH","ROCKFISH","SHELF ROCKFISH","YTRK",343,"03/03/2023"
53,"W","WASHINGTON",1984,13,8826010115,"YELLOWTAIL ROCKFISH","YELLOWTAIL ROCKFISH","SEBASTES FLAVIDUS","GROUNDFISH","ROCKFISH","SHELF ROCKFISH","YTRK",24,"03/03/2023"
53,"W","WASHINGTON",1982,1,8826010115,"YELLOWTAIL ROCKFISH","YELLOWTAIL ROCKFISH","SEBASTES FLAVIDUS","GROUNDFISH","ROCKFISH","SHELF ROCKFISH","YTRK",482,"03/03/2023"
53,"W","WASHINGTON",1982,2,8826010115,"YELLOWTAIL ROCKFISH","YELLOWTAIL ROCKFISH","SEBASTES FLAVIDUS","GROUNDFISH","ROCKFISH","SHELF ROCKFISH","YTRK",90,"03/03/2023"
53,"W","WASHINGTON",1982,3,8826010115,"YELLOWTAIL ROCKFISH","YELLOWTAIL ROCKFISH","SEBASTES FLAVIDUS","GROUNDFISH","ROCKFISH","SHELF ROCKFISH","YTRK",265,"03/03/2023"
53,"W","WASHINGTON",1982,4,8826010115,"YELLOWTAIL ROCKFISH","YELLOWTAIL ROCKFISH","SEBASTES FLAVIDUS","GROUNDFISH","ROCKFISH","SHELF ROCKFISH","YTRK",910,"03/03/2023"
53,"W","WASHINGTON",1982,5,8826010115,"YELLOWTAIL ROCKFISH","YELLOWTAIL ROCKFISH","SEBASTES FLAVIDUS","GROUNDFISH","ROCKFISH","SHELF ROCKFISH","YTRK",47,"03/03/2023"
53,"W","WASHINGTON",1982,6,8826010115,"YELLOWTAIL ROCKFISH","YELLOWTAIL ROCKFISH","SEBASTES FLAVIDUS","GROUNDFISH","ROCKFISH","SHELF ROCKFISH","YTRK",592,"03/03/2023"
53,"W","WASHINGTON",1982,7,8826010115,"YELLOWTAIL ROCKFISH","YELLOWTAIL ROCKFISH","SEBASTES FLAVIDUS","GROUNDFISH","ROCKFISH","SHELF ROCKFISH","YTRK",604,"03/03/2023"
53,"W","WASHINGTON",1982,9,8826010115,"YELLOWTAIL ROCKFISH","YELLOWTAIL ROCKFISH","SEBASTES FLAVIDUS","GROUNDFISH","ROCKFISH","SHELF ROCKFISH","YTRK",245,"03/03/2023"
53,"W","WASHINGTON",1982,11,8826010115,"YELLOWTAIL ROCKFISH","YELLOWTAIL ROCKFISH","SEBASTES FLAVIDUS","GROUNDFISH","ROCKFISH","SHELF ROCKFISH","YTRK",2352,"03/03/2023"
53,"W","WASHINGTON",1982,12,8826010115,"YELLOWTAIL ROCKFISH","YELLOWTAIL ROCKFISH","SEBASTES FLAVIDUS","GROUNDFISH","ROCKFISH","SHELF ROCKFISH","YTRK",42,"03/03/2023"
53,"W","WASHINGTON",1982,13,8826010115,"YELLOWTAIL ROCKFISH","YELLOWTAIL ROCKFISH","SEBASTES FLAVIDUS","GROUNDFISH","ROCKFISH","SHELF ROCKFISH","YTRK",1615,"03/03/2023"
53,"W","WASHINGTON",1985,1,8826010115,"YELLOWTAIL ROCKFISH","YELLOWTAIL ROCKFISH","SEBASTES FLAVIDUS","GROUNDFISH","ROCKFISH","SHELF ROCKFISH","YTRK",983,"03/03/2023"
53,"W","WASHINGTON",1985,2,8826010115,"YELLOWTAIL ROCKFISH","YELLOWTAIL ROCKFISH","SEBASTES FLAVIDUS","GROUNDFISH","ROCKFISH","SHELF ROCKFISH","YTRK",1720,"03/03/2023"
53,"W","WASHINGTON",1985,3,8826010115,"YELLOWTAIL ROCKFISH","YELLOWTAIL ROCKFISH","SEBASTES FLAVIDUS","GROUNDFISH","ROCKFISH","SHELF ROCKFISH","YTRK",212,"03/03/2023"
53,"W","WASHINGTON",1985,4,8826010115,"YELLOWTAIL ROCKFISH","YELLOWTAIL ROCKFISH","SEBASTES FLAVIDUS","GROUNDFISH","ROCKFISH","SHELF ROCKFISH","YTRK",2107,"03/03/2023"
53,"W","WASHINGTON",1985,7,8826010115,"YELLOWTAIL ROCKFISH","YELLOWTAIL ROCKFISH","SEBASTES FLAVIDUS","GROUNDFISH","ROCKFISH","SHELF ROCKFISH","YTRK",146,"03/03/2023"
53,"W","WASHINGTON",1985,11,8826010115,"YELLOWTAIL ROCKFISH","YELLOWTAIL ROCKFISH","SEBASTES FLAVIDUS","GROUNDFISH","ROCKFISH","SHELF ROCKFISH","YTRK",120,"03/03/2023"
53,"W","WASHINGTON",1985,13,8826010115,"YELLOWTAIL ROCKFISH","YELLOWTAIL ROCKFISH","SEBASTES FLAVIDUS","GROUNDFISH","ROCKFISH","SHELF ROCKFISH","YTRK",4,"03/03/2023"
53,"W","WASHINGTON",1988,1,8826010115,"YELLOWTAIL ROCKFISH","YELLOWTAIL ROCKFISH","SEBASTES FLAVIDUS","GROUNDFISH","ROCKFISH","SHELF ROCKFISH","YTRK",221,"03/03/2023"
53,"W","WASHINGTON",1988,2,8826010115,"YELLOWTAIL ROCKFISH","YELLOWTAIL ROCKFISH","SEBASTES FLAVIDUS","GROUNDFISH","ROCKFISH","SHELF ROCKFISH","YTRK",4191,"03/03/2023"
53,"W","WASHINGTON",1988,3,8826010115,"YELLOWTAIL ROCKFISH","YELLOWTAIL ROCKFISH","SEBASTES FLAVIDUS","GROUNDFISH","ROCKFISH","SHELF ROCKFISH","YTRK",364,"03/03/2023"
53,"W","WASHINGTON",1988,4,8826010115,"YELLOWTAIL ROCKFISH","YELLOWTAIL ROCKFISH","SEBASTES FLAVIDUS","GROUNDFISH","ROCKFISH","SHELF ROCKFISH","YTRK",2535,"03/03/2023"
53,"W","WASHINGTON",1986,1,8826010115,"YELLOWTAIL ROCKFISH","YELLOWTAIL ROCKFISH","SEBASTES FLAVIDUS","GROUNDFISH","ROCKFISH","SHELF ROCKFISH","YTRK",187,"03/03/2023"
53,"W","WASHINGTON",1986,2,8826010115,"YELLOWTAIL ROCKFISH","YELLOWTAIL ROCKFISH","SEBASTES FLAVIDUS","GROUNDFISH","ROCKFISH","SHELF ROCKFISH","YTRK",5232,"03/03/2023"
53,"W","WASHINGTON",1986,3,8826010115,"YELLOWTAIL ROCKFISH","YELLOWTAIL ROCKFISH","SEBASTES FLAVIDUS","GROUNDFISH","ROCKFISH","SHELF ROCKFISH","YTRK",415,"03/03/2023"
53,"W","WASHINGTON",1986,4,8826010115,"YELLOWTAIL ROCKFISH","YELLOWTAIL ROCKFISH","SEBASTES FLAVIDUS","GROUNDFISH","ROCKFISH","SHELF ROCKFISH","YTRK",3351,"03/03/2023"
53,"W","WASHINGTON",1986,5,8826010115,"YELLOWTAIL ROCKFISH","YELLOWTAIL ROCKFISH","SEBASTES FLAVIDUS","GROUNDFISH","ROCKFISH","SHELF ROCKFISH","YTRK",159,"03/03/2023"
53,"W","WASHINGTON",1986,6,8826010115,"YELLOWTAIL ROCKFISH","YELLOWTAIL ROCKFISH","SEBASTES FLAVIDUS","GROUNDFISH","ROCKFISH","SHELF ROCKFISH","YTRK",1802,"03/03/2023"
53,"W","WASHINGTON",1986,7,8826010115,"YELLOWTAIL ROCKFISH","YELLOWTAIL ROCKFISH","SEBASTES FLAVIDUS","GROUNDFISH","ROCKFISH","SHELF ROCKFISH","YTRK",2301,"03/03/2023"
53,"W","WASHINGTON",1986,8,8826010115,"YELLOWTAIL ROCKFISH","YELLOWTAIL ROCKFISH","SEBASTES FLAVIDUS","GROUNDFISH","ROCKFISH","SHELF ROCKFISH","YTRK",341,"03/03/2023"
53,"W","WASHINGTON",1986,9,8826010115,"YELLOWTAIL ROCKFISH","YELLOWTAIL ROCKFISH","SEBASTES FLAVIDUS","GROUNDFISH","ROCKFISH","SHELF ROCKFISH","YTRK",293,"03/03/2023"
53,"W","WASHINGTON",1986,10,8826010115,"YELLOWTAIL ROCKFISH","YELLOWTAIL ROCKFISH","SEBASTES FLAVIDUS","GROUNDFISH","ROCKFISH","SHELF ROCKFISH","YTRK",599,"03/03/2023"
53,"W","WASHINGTON",1986,11,8826010115,"YELLOWTAIL ROCKFISH","YELLOWTAIL ROCKFISH","SEBASTES FLAVIDUS","GROUNDFISH","ROCKFISH","SHELF ROCKFISH","YTRK",1361,"03/03/2023"
53,"W","WASHINGTON",1986,12,8826010115,"YELLOWTAIL ROCKFISH","YELLOWTAIL ROCKFISH","SEBASTES FLAVIDUS","GROUNDFISH","ROCKFISH","SHELF ROCKFISH","YTRK",171,"03/03/2023"
53,"W","WASHINGTON",1986,13,8826010115,"YELLOWTAIL ROCKFISH","YELLOWTAIL ROCKFISH","SEBASTES FLAVIDUS","GROUNDFISH","ROCKFISH","SHELF ROCKFISH","YTRK",61,"03/03/2023"
53,"W","WASHINGTON",1987,1,8826010115,"YELLOWTAIL ROCKFISH","YELLOWTAIL ROCKFISH","SEBASTES FLAVIDUS","GROUNDFISH","ROCKFISH","SHELF ROCKFISH","YTRK",1094,"03/03/2023"
53,"W","WASHINGTON",1987,2,8826010115,"YELLOWTAIL ROCKFISH","YELLOWTAIL ROCKFISH","SEBASTES FLAVIDUS","GROUNDFISH","ROCKFISH","SHELF ROCKFISH","YTRK",3869,"03/03/2023"
53,"W","WASHINGTON",1987,3,8826010115,"YELLOWTAIL ROCKFISH","YELLOWTAIL ROCKFISH","SEBASTES FLAVIDUS","GROUNDFISH","ROCKFISH","SHELF ROCKFISH","YTRK",516,"03/03/2023"
53,"W","WASHINGTON",1987,4,8826010115,"YELLOWTAIL ROCKFISH","YELLOWTAIL ROCKFISH","SEBASTES FLAVIDUS","GROUNDFISH","ROCKFISH","SHELF ROCKFISH","YTRK",2662,"03/03/2023"
53,"W","WASHINGTON",1989,1,8826010115,"YELLOWTAIL ROCKFISH","YELLOWTAIL ROCKFISH","SEBASTES FLAVIDUS","GROUNDFISH","ROCKFISH","SHELF ROCKFISH","YTRK",62,"03/03/2023"
53,"W","WASHINGTON",1989,2,8826010115,"YELLOWTAIL ROCKFISH","YELLOWTAIL ROCKFISH","SEBASTES FLAVIDUS","GROUNDFISH","ROCKFISH","SHELF ROCKFISH","YTRK",308,"03/03/2023"
53,"W","WASHINGTON",1989,3,8826010115,"YELLOWTAIL ROCKFISH","YELLOWTAIL ROCKFISH","SEBASTES FLAVIDUS","GROUNDFISH","ROCKFISH","SHELF ROCKFISH","YTRK",5,"03/03/2023"
53,"W","WASHINGTON",1989,4,8826010115,"YELLOWTAIL ROCKFISH","YELLOWTAIL ROCKFISH","SEBASTES FLAVIDUS","GROUNDFISH","ROCKFISH","SHELF ROCKFISH","YTRK",6264,"03/03/2023"
53,"W","WASHINGTON",1967,1,8826010115,"YELLOWTAIL RF","YELLOWTAIL ROCKFISH","SEBASTES FLAVIDUS","GROUNDFISH","ROCKFISH","SHELF ROCKFISH","YTRK",32666,"03/03/2023"
53,"W","WASHINGTON",1967,2,8826010115,"YELLOWTAIL RF","YELLOWTAIL ROCKFISH","SEBASTES FLAVIDUS","GROUNDFISH","ROCKFISH","SHELF ROCKFISH","YTRK",4035,"03/03/2023"
53,"W","WASHINGTON",1967,3,8826010115,"YELLOWTAIL RF","YELLOWTAIL ROCKFISH","SEBASTES FLAVIDUS","GROUNDFISH","ROCKFISH","SHELF ROCKFISH","YTRK",84,"03/03/2023"
53,"W","WASHINGTON",1967,4,8826010115,"YELLOWTAIL RF","YELLOWTAIL ROCKFISH","SEBASTES FLAVIDUS","GROUNDFISH","ROCKFISH","SHELF ROCKFISH","YTRK",1334,"03/03/2023"